accel_z,range_sensor,d_est,v_est,a_est,t
-0.24669051000000053,0.206,0.2000000001988411,1.864135049333334e-08,1.165084405833334e-06,0.032002
0.07424364000000061,0.206,0.20000001073740117,4.4739171128119545e-07,1.0485743011139501e-05,0.064004
0.07663727999999992,0.208,0.20000013540878786,3.6163687345767516e-06,5.2428016913862245e-05,0.09601
-0.10778091000000067,0.208,0.20000073870770296,1.4489490697365947e-05,0.00015183812486434847,0.128998
-0.15806697000000014,0.205,0.2000021762671528,3.355519850605164e-05,0.00027314066985067515,0.161033
0.06226562999999885,0.21,0.20000789791622905,0.00010160757436734701,0.0006921477208739009,0.193156
0.01437321000000047,0.208,0.20001933706978625,0.0002118695211342312,0.001223363543680688,0.226059
-0.1652577000000015,0.209,0.2000439452276158,0.0004200401330858423,0.002112456121678733,0.258267
-0.16765134000000081,0.208,0.2000858972908347,0.0007269311738230307,0.0032291863237999727,0.290302
-0.11496183000000038,0.206,0.20014514171359385,0.0010995963493087098,0.004358970280925729,0.322302
0.011969759999999496,0.209,0.2002647227103502,0.0018248045395463902,0.006590821170226094,0.354785
0.21795033000000075,0.208,0.20043556774995872,0.0027483419135727054,0.009079067685838816,0.386795
-0.4981600499999992,0.212,0.20076676112736097,0.0044778388680351555,0.013717206702873377,0.419179
0.15088916999999924,0.209,0.2011537834440919,0.006242810787488208,0.01768808825442508,0.451759
-0.16286406000000042,0.211,0.20174581142039433,0.00881369375207327,0.023297563831198825,0.484737
0.03831941999999877,0.209,0.20240259950810532,0.011340703353015798,0.027978583485696745,0.516739
-0.08143124999999962,0.207,0.2030585725721311,0.013526190490873929,0.03117728169630147,0.548747
-0.8526247800000011,0.208,0.20387116240788894,0.016117587329816045,0.03492213553416171,0.581571
-9.78844587,0.208,0.2047506099963559,0.01867451740487346,0.03814141345643991,0.614258
-5.05109877,0.209,0.20577062608796698,0.021494424108188352,0.04156027194472097,0.646265
7.268887830000001,0.208,0.2066690168554323,0.023543525969087743,0.04303568753345678,0.679258
-1.8800947500000005,0.208,0.20752025091999118,0.025197304317731713,0.04358262143440174,0.711267
-1.3723487700000012,0.208,0.20829777567876984,0.02641219118427452,0.04323870276612287,0.74329
1.7459657400000008,0.204,0.2083669124506128,0.025079790758653756,0.03818914511091866,0.776271
4.916969759999999,0.206,0.20867642318872767,0.024608401602003355,0.035117095187186594,0.809103
-8.11433013,0.20199999999999999,0.20824506502992648,0.02175052893647044,0.028040599481609293,0.841647
-9.04837947,0.208,0.20879443107475304,0.02214086449681234,0.027154401669383814,0.874637
9.034010940000002,0.205,0.20874604587695453,0.020627191827516274,0.023042941014004,0.907083
-6.112089510000001,0.20199999999999999,0.20814226797827126,0.017479289371737407,0.01640235125704285,0.939882
-5.35766127,0.20299999999999999,0.2077238508924194,0.015034112447110337,0.011359572917728076,0.972743
-7.537129350000001,0.20099999999999998,0.20696288356494813,0.011668564203149098,0.005054318856255514,1.004764
-7.781417970000001,0.20099999999999998,0.20624110434632642,0.00856501942860307,-0.00045478879697397404,1.037483
-0.15327968999999975,0.2,0.2053865959302064,0.005200102614643829,-0.006103447044959947,1.069483
1.24301685,0.199,0.20441546440502845,0.0016339345554712606,-0.011788177112100597,1.102469
-0.007189170000000189,0.204,0.20438172385038422,0.0010183418036015487,-0.012190494751583495,1.135108
-5.815111380000001,0.20299999999999999,0.2041639191723426,-0.00010263193747411402,-0.01342522399620557,1.167481
1.7387848199999993,0.196,0.20273779152795063,-0.004795697838653247,-0.020633547606800702,1.200295
6.576723660000001,0.198,0.20177769306394777,-0.007868899140864943,-0.024714854074185513,1.232306
-2.0453442000000006,0.199,0.20107449740092184,-0.009999070840570008,-0.026979960213534403,1.265172
-4.212844080000001,0.195,0.19973492267153187,-0.013954926931311002,-0.032206563057828215,1.298147
-4.76608884,0.198,0.19904811368924163,-0.015678389958742524,-0.03337601721128822,1.330151
1.95912723,0.194,0.1977288520715771,-0.019241465900421778,-0.03757939181951641,1.36276
1.252591409999999,0.20099999999999998,0.19778751562280106,-0.01826880876105601,-0.03392369912374167,1.395698
-2.179466520000001,0.197,0.1971524356163983,-0.019458757068791296,-0.034098639710576126,1.427698
-1.8393734400000001,0.199,0.19695836164874597,-0.01913696234685925,-0.03173830913474643,1.459856
1.1065008899999995,0.198,0.19663062552753266,-0.019195752347693686,-0.03014538722040385,1.492454
1.2693566999999994,0.196,0.19600075927423333,-0.02016093982810695,-0.030146274860140067,1.524454
0.8933393999999986,0.197,0.1956417439907606,-0.020161246588471227,-0.028552257012280344,1.557444
-3.01532757,0.197,0.19534997678599286,-0.01989592221912631,-0.02661039164113569,1.58974
-5.1109692,0.197,0.19512055141889773,-0.01939740605957938,-0.024394393902703697,1.622301
7.570653240000002,0.20099999999999998,0.19568231323441193,-0.0163417952821196,-0.01811786391657741,1.654302
-3.9374087100000006,0.20099999999999998,0.19622607393079886,-0.01346594851605665,-0.012480986948409437,1.686898
-3.273987840000001,0.199,0.19638061145009747,-0.011964402270437888,-0.009388575031281318,1.719768
-0.7041406200000004,0.20099999999999998,0.19691727755974733,-0.009296357748406486,-0.004571217393652269,1.75209
-1.3316274600000009,0.199,0.19705786030536607,-0.008028705357468021,-0.002281495902700784,1.78468
2.81414721,0.198,0.19702185450437054,-0.007389006224367606,-0.0011294249327235874,1.817657
4.1553606,0.199,0.1971950124106693,-0.006109368272042922,0.0009942902078552984,1.850649
3.74581272,0.2,0.1975558239779217,-0.00429547516757064,0.003867111566473967,1.88266
3.345839399999999,0.2,0.19789844881387217,-0.002639444534314,0.0063348885537688,1.915648
-2.2441340400000005,0.2,0.19822186503846592,-0.00114038024625268,0.00842118945156019,1.947827
-2.7015841500000013,0.199,0.19833991729163836,-0.0003897394133699948,0.009195165514832898,1.980211
1.5599999994009295e-06,0.20099999999999998,0.19882680290117577,0.0014884135442442036,0.011742137118652077,2.012986
1.3555767900000006,0.20199999999999999,0.19945885705767102,0.0037160439605275607,0.014719499923968208,2.045987
0.3137449799999992,0.20099999999999998,0.19984761285025907,0.005026844911141059,0.016069579154485536,2.078984
-1.1831433000000002,0.20099999999999998,0.20019901882065114,0.006124791033451868,0.0170080418482511,2.111668
-1.0538082600000003,0.20099999999999998,0.20051428133984547,0.007023063523653665,0.017577263649343828,2.143669
0.9244763399999982,0.198,0.20023846846737403,0.005953677845862977,0.014952993059661015,2.176645
0.7975447499999984,0.204,0.20109741774975193,0.008548816858524497,0.018357478538231012,2.208646
0.05269106999999984,0.199,0.20093892961205884,0.007721796760742752,0.01608198386937596,2.24119
-0.8669964300000004,0.2,0.20097275416199215,0.007526474121362111,0.014939657076578192,2.273314
-0.5556466500000017,0.20099999999999998,0.20118020756234722,0.007872956513033894,0.014727894080881394,2.306293
0.31135133999999987,0.20299999999999999,0.20172917918302663,0.009272693494526432,0.016222263495630048,2.338764
0.4957695299999987,0.2,0.2016567156701949,0.008580755189539066,0.014272793376283984,2.371546
0.04071305999999986,0.20199999999999999,0.20195000274594857,0.009074053084211307,0.014331664303165655,2.404356
-0.41434341000000074,0.2,0.20183041299068608,0.008193127770029606,0.012175036456971515,2.436356
-0.35206952999999963,0.2,0.2017090811652342,0.007331296772889089,0.010160194784027325,2.468558
0.06706271999999913,0.20099999999999998,0.20177263938783624,0.007090380255439113,0.009248845959431318,2.500762
0.1868133899999993,0.20199999999999999,0.20200347424310247,0.00738379681082815,0.009244746062771765,2.533218
0.20357867999999968,0.199,0.20164159304711832,0.005742541692424217,0.006126158945219635,2.565944
0.03831941999999877,0.2,0.20148864802899166,0.0048464997257828945,0.004368083377501688,2.597951
-0.09340926000000138,0.199,0.2011540982362197,0.0034054412078071234,0.0018233659385524371,2.630935
-0.0167637299999992,0.204,0.2017727043412117,0.005098870969922562,0.004455189938726403,2.662943
0.05747834999999846,0.20199999999999999,0.20194965089401667,0.005278409157154476,0.004514694992256644,2.694965
0.06226562999999885,0.2,0.20172642310595348,0.00415484219805692,0.0024740247867924533,2.727955
0.33529754999999994,0.20199999999999999,0.20188656583228282,0.004317343334261852,0.0026081207613561394,2.760929
0.05987198999999954,0.20099999999999998,0.20183518197119146,0.0037871544399081945,0.0016207404053400437,2.792965
-4.258342860000001,0.20099999999999998,0.201779119385804,0.003266489078932025,0.0006995983152683266,2.825382
10.272238950000002,0.199,0.20134741328982728,0.0015637323712777817,-0.002075775775035244,2.857744
5.566028790000001,0.20099999999999998,0.20132263392513372,0.0012601825894584487,-0.002457231112593307,2.889779
0.3616472099999992,0.20299999999999999,0.20166655365115368,0.002161639590300696,-0.0008806900942048034,2.925354
-2.85965268,0.2,0.20141236560226444,0.0010953269796874236,-0.0025505079113467815,2.957779
0.9675912899999997,0.20099999999999998,0.20136309315789674,0.0007468207637746243,-0.0029797773475911528,2.990756
1.9279902899999986,0.2,0.20112763777287074,-0.00017740657714296738,-0.0043129010971394875,3.02277
-0.0910156200000003,0.204,0.20165575960420984,0.0014077307655252858,-0.0015415472234470628,3.055744
-1.1017104900000003,0.20099999999999998,0.2015697448442982,0.0009396065681498244,-0.0022150820721511554,3.087781
-0.8430502200000003,0.20099999999999998,0.20148726382298515,0.0005105586222508716,-0.0027910987805883406,3.120779
0.011969759999999496,0.199,0.2010365154848186,-0.0010756994407283885,-0.005198517720614098,3.15377
1.3340242199999999,0.198,0.20044123301231512,-0.0030364757934442732,-0.00808433108836799,3.186756
0.6298918499999999,0.20099999999999998,0.20046276726154483,-0.0029002835692486053,-0.007449265473273203,3.219691
-0.7065342600000015,0.20099999999999998,0.20048410569226066,-0.0027594543424116374,-0.006839425332887418,3.252681
-0.6801846000000005,0.2,0.2003192934869893,-0.0032130114429262837,-0.007216863965759222,3.284717
-9.40764129,0.20199999999999999,0.2005453861906434,-0.0023747387726672582,-0.005497346122063117,3.316717
0.32332934999999985,0.2,0.20037974855715912,-0.0028297892729689457,-0.005946256062301213,3.349707
3.9972822599999986,0.20099999999999998,0.2004189996488433,-0.002592999791867041,-0.005259433208885752,3.382682
-0.19639464000000117,0.197,0.19971298941716445,-0.004755529525109767,-0.00846660746421642,3.414696
-1.96870848,0.198,0.19926681216371067,-0.005957663025543094,-0.009964199021831273,3.447677
-3.9733427400000005,0.196,0.19849952804445625,-0.008113881631571063,-0.012919122242974264,3.480673
-9.54655089,0.198,0.1981898567278771,-0.008666856168561825,-0.013143573117352193,3.513549
-7.326361500000001,0.197,0.1977372155569798,-0.009629381155879753,-0.014015132163933566,3.546273
-7.448515620000001,0.197,0.1973433812727595,-0.010330290141714243,-0.01442109442733328,3.579176
-5.731284930000001,0.20099999999999998,0.19774884904139706,-0.00840176189678538,-0.010577367589470726,3.611211
0.41194308000000035,0.199,0.19775847166244728,-0.007827546598183256,-0.009109530611375453,3.644188
-2.37825636,0.197,0.19740965215574077,-0.008420205061918304,-0.009593860929278221,3.676211
0.5987549099999985,0.197,0.19711011394100414,-0.00880815920779553,-0.009724049637580303,3.708211
-3.86077299,0.194,0.19629782941336976,-0.010808603130811329,-0.012440818935148396,3.740772
-1.99026105,0.195,0.19576959910030436,-0.011772493945551462,-0.013350738210985438,3.773762
-6.7802976600000004,0.191,0.19456974135436647,-0.014824099355208942,-0.017571373272361617,3.805772
-7.101231810000001,0.191,0.19351195516552228,-0.017233121552313407,-0.02054136414877308,3.838763
-9.07951641,0.187,0.19184259760886027,-0.021450646598377816,-0.026266994254599704,3.87175
3.98052678,0.187,0.19037170162369357,-0.02477002524012291,-0.030253526344579517,3.904737
0.7783760099999988,0.181,0.18796975185105974,-0.030862238422357323,-0.03849422975161562,3.936772
-6.50965938,0.184,0.18641108974357787,-0.03386667181545246,-0.041344991077030706,3.96974
7.4556996600000005,0.177,0.18376026485426836,-0.040159828941387955,-0.04933802114164146,4.001772
6.444994980000001,0.175,0.1810633359098999,-0.046196392729380795,-0.05650703487822098,4.034762
-9.15137466,0.175,0.178708145871649,-0.05073083990726272,-0.06089137755279283,4.067749
-0.7137151799999994,0.173,0.17629913894496962,-0.05510488725997648,-0.06479212721837421,4.099773
2.0118167400000004,0.173,0.17422294656495776,-0.05807734482796944,-0.06623808191080166,4.13275
-9.66151428,0.16899999999999998,0.17171068090489952,-0.06218985490089284,-0.06944306174632127,4.165434
13.986913170000001,0.165,0.16881307807648935,-0.06721540663429727,-0.07395146032335743,4.198425
0.15567644999999963,0.164,0.1661358880367836,-0.0711521575515633,-0.07647682912888308,4.230428
-1.1064977700000007,0.161,0.16329503517610616,-0.0752867250634276,-0.07919036416877509,4.262456
7.448508930000003,0.16,0.16068798611317134,-0.07832662378688267,-0.08000380424787072,4.294703
4.687052789999999,0.153,0.15718381823836605,-0.08396268641152631,-0.08495053831874344,4.326703
4.243974329999999,0.152,0.15399687334998274,-0.08814920372058399,-0.08731153943549938,4.358703
-6.8521559100000005,0.15,0.1509208220759505,-0.09162016079604438,-0.08840027238129944,4.390839
5.30257143,0.146,0.14758195509356917,-0.09561202193680937,-0.09027069530242256,4.423836
-4.3948588200000005,0.144,0.14438753128554377,-0.09878559697778891,-0.09072889257710051,4.45584
9.99920703,0.142,0.1413325672634925,-0.10119822527920459,-0.08993975387342065,4.488805
-7.721547540000001,0.13799999999999998,0.13803920867469513,-0.10410512361001682,-0.08998611224172816,4.52084
-1.1184757800000007,0.13699999999999998,0.1350969586807894,-0.1055855633789071,-0.08773605089136413,4.55284
12.70558002,0.135,0.13229245934808587,-0.10640253273094796,-0.08453478823926179,4.585818
-9.663907920000002,0.133,0.12961774875081677,-0.10662101350473,-0.08053577927563191,4.61783
15.922092630000002,0.128,0.12650623565858798,-0.1080999419107218,-0.0787696243661709,4.650621
-5.716913280000001,0.127,0.12374993227342813,-0.10823111705058959,-0.07492689935418008,4.683179
6.50007813,0.123,0.12076033920516102,-0.10898217648747391,-0.07227883016638291,4.715189
4.99840257,0.12,0.11775035201118957,-0.10964115449229891,-0.06961895152901343,4.748179
-5.93964933,0.11699999999999999,0.11472616952465425,-0.11019723677360911,-0.06693047965911533,4.780188
1.8800880600000003,0.118,0.11243759913826303,-0.10824952381000046,-0.0603537522447931,4.813179
-8.943000450000001,0.11199999999999999,0.10951173068251605,-0.10835146268240682,-0.05741173597183462,4.84521
-3.0225183000000007,0.11100000000000002,0.10694287302651598,-0.10720582847889404,-0.052614772662501856,4.878185
-2.335141410000001,0.10500000000000001,0.10376725253727188,-0.10798318198976148,-0.051157227541872845,4.910916
4.042790849999999,0.10400000000000001,0.10097691714209003,-0.10739763418956086,-0.047582869786902765,4.943915
-6.31806027,0.101,0.09816429894614298,-0.1068354701487055,-0.0442300634046657,4.975925
2.6201544599999984,0.10200000000000001,0.09607731804533538,-0.1038964579766206,-0.037227347787690886,5.007926
-0.6442603800000004,0.099,0.09389986978017953,-0.1013381009509581,-0.031197180248174795,5.040893
-4.41401775,0.098,0.092010709798643,-0.09793306475447316,-0.02411570901720002,5.072916
7.491623879999999,0.094,0.08982031569208741,-0.09563184942029944,-0.019173835395604306,5.104925
6.21747165,0.087,0.08679675713676355,-0.09609598730208267,-0.018933530030410442,5.137927
0.8167036799999998,0.086,0.08413783253187136,-0.09533278826890629,-0.016731785629729268,5.169948
7.026983040000001,0.08299999999999999,0.08143622185505783,-0.09471851023472388,-0.014882843566815247,5.20289
-8.80648449,0.08199999999999999,0.07906808148007664,-0.09303920439292182,-0.011416272920078694,5.234923
10.813515510000002,0.07999999999999999,0.07681363963128017,-0.09106190170289803,-0.007648861556154057,5.266982
-7.702378800000001,0.07800000000000001,0.07465962134554295,-0.08885080703466353,-0.003699345864309855,5.299095
8.66278092,0.08299999999999999,0.07389633118295347,-0.08227613645815293,0.007064428516787509,5.331095
-1.6238281200000007,0.08399999999999999,0.0736369396010703,-0.07443111593268215,0.01931725145340862,5.363097
-2.9506600499999998,0.08499999999999999,0.07382136742919498,-0.06559439352977642,0.03253437054635715,5.395117
1.7986552500000013,0.091,0.07532383470668348,-0.05302812132233312,0.05106917251657041,5.428082
-3.5350515600000003,0.095,0.0776261415180487,-0.03862058543329289,0.07161125135946271,5.460982
3.262012949999999,0.098,0.08044209486897129,-0.0234203913024326,0.09237093866472827,5.492983
-3.8080834800000005,0.099,0.08332459311644415,-0.008939906575617346,0.11090484359361084,5.525653
-0.1868102700000005,0.10400000000000001,0.08698605381257044,0.007117761952335755,0.13102137796125587,5.55824
1.64058672,0.10700000000000001,0.09095099623841352,0.02310973051205991,0.14999700732520144,5.591231
-2.6800315800000005,0.10400000000000001,0.09404403842719908,0.03522929301890619,0.16176849424797324,5.624219
1.0346524499999994,0.10400000000000001,0.09688195743162693,0.04563909501363012,0.1701845518103578,5.656231
-1.1160821400000014,0.101,0.09890795292955054,0.052623081118755084,0.17265809542423752,5.688231
0.08382800999999951,0.097,0.09999532144085306,0.05594596917786687,0.16911656024262656,5.720231
-3.942205800000001,0.094,0.10040702066925061,0.05664723464222355,0.16154118316924082,5.75224
-5.606737170000001,0.095,0.10094332081910405,0.057447001783388976,0.15451406414960367,5.78524
0.9388479899999993,0.089,0.1002809947051178,0.05409762410422226,0.14117591603400756,5.818231
-4.6654971000000005,0.08499999999999999,0.09890467527210539,0.04839248622738322,0.12473564412197972,5.851231
-4.1242205400000005,0.08399999999999999,0.09744295933677867,0.04250071476385725,0.10884128450140337,5.884231
4.993615289999999,0.08099999999999999,0.09553487025558713,0.03529754685188428,0.09165589760841712,5.916404
1.6597456499999996,0.08099999999999999,0.0937871500692037,0.028829376654310956,0.07653693752646473,5.949406
3.171005579999999,0.07500000000000001,0.09107324279208924,0.019461452391426194,0.057532646749831134,5.981407
1.6789045799999993,0.07400000000000001,0.08842642625284532,0.010696136217776675,0.04047547883134457,6.014392
-2.3255668500000004,0.07100000000000001,0.08547848215181804,0.0013467189082080576,0.02335676221966089,6.046532
7.46288058,0.07,0.08264245514262446,-0.007200643671057397,0.008408882623912609,6.078553
-6.8521559100000005,0.07500000000000001,0.08103602073898825,-0.011369263837431124,0.0012721587370666107,6.111539
7.316780250000001,0.07999999999999999,0.08054762465882113,-0.01173117040157057,0.0006246715654925444,6.143687
-0.2850083699999999,0.07900000000000001,0.0799543141672624,-0.012412796165898705,-0.0005036672929725805,6.176676
6.040234379999999,0.07999999999999999,0.07963932588506575,-0.012163744594362367,-7.722217273905342e-05,6.209651
2.0213913000000012,0.08399999999999999,0.08013410144821762,-0.009323992979514013,0.004493645284189393,6.241686
-5.055886050000001,0.097,0.08303219628483037,0.0010889839600974442,0.021008558603799483,6.273793
9.366923100000001,0.096,0.08548286254735606,0.009493495703188835,0.03344355675970955,6.305793
-9.177714510000001,0.1,0.088445959282116,0.019058262465125167,0.04710454347386113,6.338274
5.288199780000001,0.10700000000000001,0.09241519836854932,0.03128840730661193,0.06434896783826266,6.371252
3.53504487,0.10700000000000001,0.09597139828773386,0.04145584255770764,0.07738869870345554,6.403273
-2.5004006700000003,0.11000000000000001,0.09969431552941246,0.05150905780109845,0.08957368419126249,6.435274
-3.31710279,0.11699999999999999,0.1042940645458191,0.0637168658763839,0.10459662026929778,6.46826
-1.0562019000000014,0.118,0.10854803593249368,0.07401307625094795,0.1157722045025844,6.50026
-7.664060940000001,0.125,0.1135859080023271,0.08610946894581502,0.12926772200576636,6.532261
5.793552120000001,0.123,0.11763456540604657,0.09419072317178176,0.13561157454034412,6.564262
-3.882325560000001,0.118,0.1202122122569884,0.096903867021201,0.13299595262118724,6.597053
-0.4454705400000005,0.11699999999999999,0.12219356402337232,0.09734141025546382,0.12685531224966065,6.629078
-0.33769788000000034,0.11599999999999999,0.12362886723642293,0.09579200917612408,0.11783527708189401,6.662067
-9.436374780000001,0.11199999999999999,0.12400844751724936,0.0907340835441217,0.10363701991488576,6.694982
10.16446629,0.10800000000000001,0.12343526006486738,0.0827024085742648,0.08538705117056603,6.726982
-2.955457140000001,0.099,0.1210769021600133,0.0692037750632484,0.05928429859254433,6.759947
6.306085379999999,0.098,0.11860892163592215,0.055949118113829424,0.03491722124749913,6.791951
-3.1757995500000007,0.095,0.11568656144816657,0.041857633613078704,0.010458346016612323,6.823954
5.673801450000001,0.088,0.11162808276310163,0.024820847880169066,-0.01747845391308738,6.856953
-5.513336160000001,0.08199999999999999,0.10675289977357769,0.006063114968126813,-0.04674518773137348,6.889951
-7.573053570000001,0.08299999999999999,0.10247047204906352,-0.009747493259045075,-0.06976621266855179,6.921957
12.070902450000002,0.07700000000000001,0.09744700436829225,-0.027012724418724036,-0.09394184623381577,6.954959
-2.5746427500000006,0.07600000000000001,0.09271264571458261,-0.042306061722879595,-0.11370213930892697,6.986961
4.615204350000001,0.07300000000000001,0.08789454651237431,-0.05689505522860715,-0.13131279230891005,7.018972
3.0943600500000006,0.07100000000000001,0.08321365093436908,-0.07007658540283401,-0.14575367295927172,7.050982
5.56362534,0.07300000000000001,0.07942687455980425,-0.07946576461188615,-0.15335252517755257,7.083949
-6.825806250000001,0.07300000000000001,0.07609718770843046,-0.08665010914530294,-0.15701450293592267,7.115972
0.21075959999999938,0.07400000000000001,0.0733846998324215,-0.09122220230617885,-0.1562869992322576,7.148799
-3.61408092,0.08199999999999999,0.07254723238362706,-0.08927367696425678,-0.14511046489293464,7.180924
-1.2789379500000004,0.08199999999999999,0.07192103837978982,-0.0865071224007566,-0.13319354645801834,7.213918
8.5861452,0.087,0.07241900259103964,-0.0800493132706841,-0.11595362002617583,7.245933
-6.35398449,0.088,0.07318577752171386,-0.07286835856948796,-0.09843793858615263,7.277945
9.01963929,0.097,0.07567923035246799,-0.06034326478700501,-0.0732292035496265,7.309945
-0.22992522000000015,0.1,0.07860367180918189,-0.04695594056453606,-0.04793113143217522,7.34292
0.43588928999999865,0.10800000000000001,0.08283197345851472,-0.029986111611728702,-0.018173570001889027,7.374923
5.87018784,0.10900000000000001,0.08691379382366096,-0.014329806295571665,0.007940183334446887,7.407496
-6.430630020000001,0.11000000000000001,0.09084066772587858,1.0290730696136882e-05,0.030593330421127284,7.440493
-0.7927543499999992,0.11499999999999999,0.09535018654110916,0.015435892025113904,0.053826400767283546,7.473494
-1.0130967599999998,0.118,0.09999018463328557,0.030399218975535984,0.07512040990426679,7.506488
-5.989945200000001,0.125,0.10546800439268988,0.04716306669860889,0.09821417763328597,7.538509
-3.1949584800000004,0.128,0.11093088007666306,0.06285519977863924,0.11839595008340673,7.57058
4.406839949999998,0.125,0.11523575574513689,0.07382257826899653,0.12994076062908974,7.603558
3.6236684099999987,0.12,0.11809926794351464,0.07937810776874954,0.13218810214546162,7.635719
-6.291720420000001,0.119,0.12038933428471323,0.08258668338996418,0.13054541473591058,7.668684
0.36404084999999853,0.11499999999999999,0.12159158223749209,0.08191798129261779,0.12275181943665056,7.700696
4.84751496,0.11000000000000001,0.12161881270534086,0.07730384591928147,0.10901424918112361,7.733684
-7.649689290000001,0.11000000000000001,0.12151507905104364,0.07232637365981659,0.09539932901048485,7.765686
-1.3962949800000004,0.10200000000000001,0.1198063952195059,0.062287825298167294,0.07434583486033006,7.797688
-6.5934858300000005,0.10300000000000001,0.11833162883287691,0.053395022422306065,0.0562183950295242,7.830357
13.385766180000001,0.096,0.11558935361766493,0.040791846637989675,0.03305680972766178,7.863367
-1.4897058000000003,0.091,0.11208898243940797,0.026344967529535787,0.008122129633823798,7.895378
1.3364178599999992,0.086,0.10792285445090692,0.010487112905391633,-0.01779848384530045,7.927388
-2.5842271200000004,0.087,0.10429443274098939,-0.0027973687811297786,-0.03824665620472694,7.959836
-2.965031700000001,0.08099999999999999,0.09987011143668753,-0.017894636723157074,-0.060557841363595155,7.991836
12.77742846,0.07900000000000001,0.09549450799780557,-0.03195931025358342,-0.08006021808676142,8.023836
-8.226890070000001,0.07700000000000001,0.09118661867041462,-0.044951291164876644,-0.09683384854469562,8.056674
4.260739620000001,0.07800000000000001,0.08752127106216209,-0.055050047626279366,-0.1080913783337303,8.088683
-0.5340940800000009,0.08099999999999999,0.08482876380198161,-0.06132389288350606,-0.11261833931141224,8.120694
3.393741629999999,0.08199999999999999,0.08265821729505411,-0.06541160350416411,-0.11339658632890301,8.152696
-3.3506333700000006,0.086,0.08152933911475241,-0.0657534480328019,-0.10811067463025023,8.185706
-2.50998504,0.092,0.08172057773604101,-0.06165552077636401,-0.09595674039199953,8.218704
1.41785067,0.092,0.08198801516557962,-0.057365288600582466,-0.08411901234192341,8.251452
1.0849385099999989,0.096,0.08306682065213136,-0.05054857623681235,-0.0688273931000125,8.283474
-1.5160456500000006,0.101,0.08505934154331442,-0.04103142241680073,-0.04997986357694384,8.316453
-5.82468594,0.10300000000000001,0.08730897502593647,-0.031094679101436293,-0.03142748964266821,8.349465
-0.9268766700000004,0.11000000000000001,0.0907092657883497,-0.01791774042294055,-0.008618978716584357,8.382465
-6.377940510000001,0.11199999999999999,0.09420162366246158,-0.005108116362014919,0.012425034264380259,8.415442
-1.0681799099999996,0.11399999999999999,0.09775861154600075,0.007230212927770646,0.03162813363556535,8.447444
0.36404084999999853,0.11499999999999999,0.10116904031865613,0.018410885347799548,0.04798124863631327,8.480445
6.425836049999999,0.119,0.10498720545854014,0.030248543102082366,0.06454935713334395,8.512474
-8.938213170000001,0.125,0.10952665717437209,0.04369018076868618,0.0828443533233183,8.544474
5.470224329999999,0.124,0.11339281400761425,0.05413964201186775,0.09538582089784188,8.576474
0.5795959799999988,0.123,0.11663066230599572,0.061874748648757916,0.10291664407921065,8.609447
-7.2401414100000006,0.124,0.11965659813458035,0.06836136619652189,0.10805209034152599,8.641452
1.5759191999999995,0.118,0.12117371772289212,0.06948570420986724,0.10429962687563586,8.673788
2.124386490000001,0.11499999999999999,0.12187783591454403,0.06776668215017388,0.09616757788856134,8.705788
0.8262782400000006,0.11100000000000002,0.12165827072925073,0.06300804502036926,0.08356570998059668,8.738268
3.4775680799999993,0.10800000000000001,0.1207920285643072,0.056277401553062864,0.06844098118197035,8.770294
2.167491629999999,0.10700000000000001,0.11971929474150025,0.04911624093674846,0.053402249638507523,8.803278
-8.978924670000001,0.1,0.11735061266144924,0.03806887903748286,0.03288765262404337,8.835282
14.168937720000002,0.092,0.11363756896607723,0.02321326407926394,0.0073043480818407,8.867304
-4.18649442,0.092,0.11021802855302093,0.010053041994172595,-0.014235843118062988,8.900281
2.4213646200000003,0.086,0.10596649303045082,-0.005081943688043043,-0.03784334138362583,8.933281
7.692797550000002,0.08199999999999999,0.10135775690249868,-0.02052482428706412,-0.060731096975154136,8.966271
-3.00095592,0.07800000000000001,0.09645058290831006,-0.0360331554265433,-0.08254625015915416,8.998962
-3.37937667,0.07500000000000001,0.09148537690638121,-0.05079474482765026,-0.10203783068514048,9.031949
8.18617188,0.07600000000000001,0.08723783088406412,-0.06232204977734444,-0.11532494488690263,9.064516
-2.699190510000001,0.07999999999999999,0.08421955069520229,-0.06911467711763453,-0.12031395500332923,9.097504
-1.6932829200000006,0.08399999999999999,0.08232851582646246,-0.07173584239998601,-0.11833766604424434,9.129506
2.0836651800000006,0.07999999999999999,0.07997752058465457,-0.07550612076502254,-0.11831108737777703,9.161527
3.8799350400000012,0.086,0.07908261849413649,-0.07420639137801993,-0.11013228143258573,9.194228
3.3051279000000005,0.088,0.07876377026031274,-0.07094011449819004,-0.09921177189554614,9.226238
1.9303839300000014,0.092,0.07933835846909697,-0.06480600603599666,-0.0842412069583518,9.258238
4.476294749999999,0.096,0.08071647601056828,-0.056265221922894515,-0.06617064416484919,9.291229
-5.245091520000001,0.096,0.0820680682249891,-0.04813987533982278,-0.049698144226401446,9.324228
7.07727891,0.10200000000000001,0.08450329821448223,-0.03686657680902179,-0.029010817892949906,9.357203
-7.175483700000001,0.10900000000000001,0.0880903416779305,-0.022422065707152855,-0.004288162701573606,9.389215
9.29027757,0.11199999999999999,0.09195462329503264,-0.007821852645118987,0.01941260413186444,9.421238
-4.45234542,0.11100000000000002,0.09530369857450986,0.0043393289035832325,0.03797121670913583,9.454229
-3.5949219900000005,0.118,0.09965674083031043,0.01904043906941508,0.059659475051445005,9.487215
-0.3879937499999997,0.121,0.10414987304061399,0.0333378172401282,0.07958231990770556,9.519215
-4.517003130000001,0.125,0.10893188996463089,0.04769778474351646,0.09858054254066245,9.551646
-4.68465603,0.124,0.11301967630504194,0.05892513624535642,0.11156319163128804,9.584654
0.2562681900000001,0.121,0.11608611079847861,0.06610786769082974,0.11737315688785534,9.617532
-3.9134625000000005,0.118,0.11821295825740365,0.06970724102151334,0.11712136446318461,9.649812
3.8008958700000015,0.11699999999999999,0.11985147897097072,0.07135870691573006,0.1137499018453373,9.681821
-1.0466273400000006,0.11399999999999999,0.12066829066561259,0.07009615208846914,0.10586560989265993,9.713828
0.8023320299999988,0.11299999999999999,0.1211107921419287,0.06752076755745481,0.09627576799446295,9.746812
2.315985600000001,0.10500000000000001,0.11991091663523502,0.0596390316870898,0.0786457596565726,9.778812
-2.179466520000001,0.10500000000000001,0.11872174025703418,0.05206742237252103,0.06242178087244979,9.810999
-1.8202145100000005,0.097,0.1160609853912442,0.04005121318615573,0.03988491478992137,9.843313
3.8823286800000005,0.095,0.11320086546117712,0.027946187603582216,0.018365016470651592,9.876289
2.3543034600000006,0.091,0.10980435934667511,0.014708834362923938,-0.0038684263270341163,9.908289
1.4394032400000007,0.092,0.10687210386676936,0.0036510195636024843,-0.021452544164131265,9.940585
2.155513619999999,0.086,0.10307356450971528,-0.009588008922936757,-0.04163957169753485,9.972585
-4.763695200000001,0.07600000000000001,0.0977676056334067,-0.02692409849291337,-0.06737662584389112,10.005563
11.601474329999999,0.07400000000000001,0.09261471790863136,-0.042765759208782714,-0.08938584499284224,10.037603
-1.3483927500000004,0.07700000000000001,0.08855747982019743,-0.05412320768329161,-0.10305089795904146,10.070104
4.061949780000001,0.07700000000000001,0.08495387939073247,-0.06326855763698029,-0.11245521316028251,10.102187
0.22513125000000045,0.07800000000000001,0.08196499266587517,-0.06978220156783149,-0.1171432451216353,10.134441
-5.352873990000001,0.08299999999999999,0.08029139056094264,-0.07153940584551959,-0.11394070511937782,10.167416
-2.11959609,0.088,0.07981543981557536,-0.06916818982711385,-0.10426364315040455,10.200411
-3.5973156300000007,0.09,0.07986609861723824,-0.06505414504706146,-0.09228176636549536,10.233409
-3.7841274600000006,0.094,0.0807639434292688,-0.05827596436971279,-0.07663203849086223,10.265409
2.94587589,0.097,0.08223609219939876,-0.04987371058813267,-0.059175846897022585,10.2982
-6.7347988800000005,0.095,0.08328811344937542,-0.043156715861154035,-0.045328230241986865,10.330785
0.0862216500000006,0.094,0.08413892444939934,-0.0373573204176844,-0.03366893065427169,10.363785
-2.1291706500000007,0.095,0.08517340145268731,-0.031210175006323143,-0.022050395150368433,10.395804
3.4679837099999986,0.09,0.08524968876670612,-0.02842334145838138,-0.016433837248579608,10.428803
-6.555167970000001,0.091,0.08557281755952563,-0.02495913987043923,-0.01001697676860645,10.460803
-1.2286420800000002,0.087,0.08518422777422721,-0.023944720745546492,-0.007870087998238165,10.493261
3.075201119999999,0.08499999999999999,0.08452303885496035,-0.023845899983194408,-0.007306150235751568,10.525271
-8.36820312,0.088,0.08454607418449034,-0.02154035789860741,-0.003222381114408727,10.557271
-2.2441340400000005,0.08399999999999999,0.08388209534697381,-0.02155679016213302,-0.003082975867449223,10.590005
-1.8082365000000005,0.07999999999999999,0.08259685087593423,-0.02356465965173604,-0.006153377487614752,10.62277
1.769921759999999,0.08399999999999999,0.08224171615814896,-0.022468871019971824,-0.004074460439754576,10.654805
6.33243504,0.08099999999999999,0.08142372792270229,-0.022910780072579306,-0.004575457594589852,10.687805
-3.6524085900000003,0.07500000000000001,0.07962955270829322,-0.02646085879911084,-0.010049235957419977,10.720777
-1.7148354900000005,0.07900000000000001,0.07881904163550926,-0.026649393098328117,-0.009835278790813312,10.752862
3.7649716499999997,0.07500000000000001,0.07741008611714706,-0.0287360261477353,-0.01268485802056582,10.785859
-4.631966520000001,0.07300000000000001,0.07583559406161905,-0.03122668072954532,-0.016037539024165888,10.817885
6.401889840000001,0.07200000000000001,0.07430176149224359,-0.03343214544599863,-0.018759040008498252,10.850859
-8.528665290000001,0.07300000000000001,0.07318094878299018,-0.03416546893333646,-0.0189729858463624,10.882873
2.2153938600000007,0.07400000000000001,0.07243567089618945,-0.03362250400183969,-0.017123392302380365,10.914873
-3.027305580000001,0.07100000000000001,0.07128565899863364,-0.034380470096095433,-0.017461142868016536,10.947865
-2.23454967,0.07200000000000001,0.07051592304968796,-0.03384812786606211,-0.015706435920876508,10.979886
-1.2885223200000002,0.07100000000000001,0.06971792629441184,-0.0334081485380585,-0.014190568675941467,11.012866
-4.097880690000001,0.069,0.06870830490023769,-0.0336477914314825,-0.013845681291300104,11.04584
3.5134922999999993,0.068,0.06769437663584295,-0.03386615781767301,-0.013484325742868517,11.078838
-2.20342254,0.067,0.06667750408218459,-0.034060556063153516,-0.013103020833243701,11.110838
0.6921559199999994,0.069,0.06621722372449766,-0.03243394543419691,-0.009812789243881907,11.143815
2.1986285699999986,0.07,0.06607246361855153,-0.029860415577583826,-0.005169043936589209,11.176803
-1.68609219,0.066,0.06527913207982042,-0.029495840252098723,-0.0043167215908755715,11.209273
-1.6357963200000007,0.069,0.06520166053378015,-0.02684142227519705,0.00017426699807239487,11.241988
3.2548320299999993,0.067,0.06483737421335523,-0.025245875343217157,0.002731260077906858,11.274011
-0.1796293500000008,0.067,0.06458350863757797,-0.02338186173286992,0.005588412586376341,11.306011
8.55261462,0.07,0.06498498547961999,-0.019515975512546843,0.011517943947313251,11.338975
-3.9038781300000007,0.07100000000000001,0.06560101344941566,-0.015178046647708224,0.017901466854150356,11.370985
8.195756249999999,0.07,0.06603190643392062,-0.011687842805481493,0.022593165182755958,11.40301
-4.727770980000001,0.07100000000000001,0.06666157549123977,-0.007775235953212724,0.027722726438702595,11.435016
6.3012981,0.07300000000000001,0.06765032694855998,-0.002955009513582316,0.034047943245227225,11.467984
-3.2308827000000004,0.07500000000000001,0.06895546534114592,0.002578488659050782,0.04119473368347896,11.500976
6.3132663,0.07500000000000001,0.07016478680631295,0.007451586561481736,0.04691167590812696,11.532996
-4.773269760000001,0.07300000000000001,0.07090609193183138,0.010492209060627948,0.049387420196935906,11.56553
0.2945860499999995,0.07400000000000001,0.07177576724917893,0.013707870560358416,0.05201725462641174,11.597531
-2.4429238800000004,0.07400000000000001,0.07256842498184883,0.01642492189766547,0.05370988561106101,11.630285
-4.08590268,0.07700000000000001,0.07384337904890942,0.02046439750565132,0.057442134610145454,11.662294
5.180427120000001,0.07800000000000001,0.07517391921444319,0.02438029074297261,0.06078356753689013,11.694307
-3.31949643,0.07999999999999999,0.07673243705981789,0.028727689128730083,0.06464698943704783,11.727043
-1.1759525700000006,0.08199999999999999,0.07848795741107319,0.03337845934722233,0.06879947326084535,11.760007
-0.4766074800000002,0.08299999999999999,0.080225717308048,0.037619705273498685,0.072079662412678,11.79202
2.7518733300000005,0.08399999999999999,0.08193799307716051,0.041442249502067624,0.07451768819819841,11.824043
1.3771391699999995,0.08199999999999999,0.08305991614834067,0.0430475612955573,0.07326449022319567,11.856043
-5.233113510000001,0.08199999999999999,0.08401431526044276,0.04391109303596036,0.07088285294994923,11.888044
1.5423886199999988,0.08199999999999999,0.0848125804475532,0.0441115248984392,0.06755738222575658,11.920308
0.009576120000000188,0.08499999999999999,0.08602446388895632,0.04552017153157507,0.06634610143423983,11.953229
-1.4561752200000004,0.08399999999999999,0.08686085689700204,0.04553993432334761,0.06296355077142719,11.985267
2.5506996599999994,0.086,0.08791292404181826,0.04614837919606034,0.06070179399067272,12.017941
-1.8417670800000003,0.086,0.08878408583998365,0.04604396651154513,0.05741001403018866,12.049953
-3.4751713200000003,0.086,0.08948901712546045,0.045315948808959436,0.053284754496005664,12.082707
0.4598453100000004,0.09,0.09078654248953871,0.046442792037781226,0.0523547814441877,12.115396
2.6345163000000014,0.09,0.0918715343902844,0.046742186115210645,0.050141961956793164,12.148387
-1.0825515600000006,0.088,0.09238922714142495,0.045119753050064146,0.04495233391492209,12.180401
2.8931863799999995,0.089,0.09295226873524659,0.04365250530595456,0.04027934616638026,12.213003
-1.7459724300000001,0.09,0.09355647587209562,0.042326710314473694,0.036074326393793724,12.245013
-0.12454620000000105,0.092,0.09438418455780513,0.041728227552135816,0.03325537202221279,12.277013
7.357501559999999,0.091,0.09485496088257506,0.039958218116642456,0.02869743677486243,12.309013
-3.6212716500000006,0.096,0.09612071239924834,0.040787787896010855,0.028554711772953024,12.34199
0.5029504500000002,0.091,0.09624183670354275,0.03784772115653378,0.022356995894712302,12.37399
4.1745195299999995,0.093,0.09663350048968923,0.03589178217579086,0.01806090562098775,12.40599
0.4454736599999993,0.094,0.0970856559073534,0.03420114564693741,0.014412562550921057,12.43799
0.5724052499999992,0.094,0.09740810519626722,0.03215669624328954,0.010382969703180457,12.470992
-0.6945562499999998,0.093,0.09742949679093584,0.029232369032422705,0.005145728608805055,12.503013
0.43110201000000004,0.091,0.09699632553992522,0.024988511879677683,-0.001944061499455584,12.535936
-0.23471250000000055,0.093,0.09690253059574659,0.022057147144383275,-0.006558241071709713,12.568524
-2.9578507800000002,0.093,0.09674792481929803,0.019091795395084946,-0.010989621611915528,12.601514
3.75778092,0.094,0.09672913590095732,0.016733656807435854,-0.014216431194863455,12.634514
-1.3819233300000002,0.096,0.09702332077796902,0.01552638183049062,-0.015426360422507219,12.667489
-0.06466596000000102,0.095,0.09704468701008115,0.013529476928813823,-0.01784390790922074,12.699495
1.8321858300000002,0.092,0.09645070542745715,0.009686296967210115,-0.023106225157386875,12.731502
0.5101411799999997,0.097,0.09679558274697786,0.009097186074241937,-0.02286453123853865,12.763502
-3.836816970000001,0.094,0.09650267380283364,0.00652554614135572,-0.025823582052806854,12.796494
-0.0742503300000017,0.095,0.09638218995684454,0.004683000404100161,-0.027457822325208044,12.828501
1.48969911,0.096,0.09642158041780143,0.003494402624615688,-0.027956280365230037,12.860524
-1.3603707600000003,0.097,0.09660859443747533,0.0028875644540435896,-0.027493499739490314,12.893514
2.38065312,0.094,0.09618683393355693,0.00040000415618836457,-0.030079115461536982,12.925514
6.51444978,0.095,0.09596382560652429,-0.0012711356496435137,-0.031218700229863186,12.957524
-3.90867522,0.096,0.09592444356201092,-0.00221458468744551,-0.031129365639353774,12.989524
9.108262830000001,0.095,0.09568173844716345,-0.0037119409876851532,-0.03193542302682188,13.021524
-6.88328304,0.095,0.09544487193931517,-0.005060946001425796,-0.0324614199317262,13.053725
-1.7292071400000006,0.097,0.09558897506169647,-0.005062320743844082,-0.030793086452583877,13.086715
3.309915180000001,0.098,0.09589303595918366,-0.00449865184139843,-0.028301905359165994,13.118715
-3.8871128400000012,0.096,0.09578398655053627,-0.005245498934787149,-0.028046500610530826,13.15169
0.9795594899999998,0.097,0.09586200731364061,-0.005306330569158909,-0.02670098839020458,13.183702
-1.3148621699999996,0.10200000000000001,0.09685507658732735,-0.0023781956873373073,-0.0206178585007323,13.215725
-2.47165737,0.1,0.09736987566859688,-0.0011042901313592641,-0.01750811581846458,13.248705
1.9184059199999997,0.095,0.09689274149006266,-0.003056100303655635,-0.019746009642672806,13.280866
8.626856699999998,0.1,0.09738323825062475,-0.001764119803399589,-0.016652066286384187,13.312878
6.78269442,0.096,0.09707290768167022,-0.0030857915762363343,-0.017920624875796126,13.3449
4.3158227700000005,0.099,0.09734374086786529,-0.0024415638006278434,-0.01596233733227636,13.377865
-1.7004638400000012,0.095,0.09683728677317775,-0.004303138550689438,-0.018134663951934204,13.409901
-4.466707260000001,0.097,0.09674794207891685,-0.004698133891681216,-0.01783664181425915,13.4429
3.381763619999999,0.101,0.09740953755295653,-0.0026291853067265426,-0.013591437818638943,13.475891
0.8550215399999992,0.099,0.09763141359160044,-0.002057921583928324,-0.011973281780250778,13.508018
-2.2585056900000007,0.1,0.0980136654182882,-0.000980706151498136,-0.009624727623984605,13.54005
1.7172322499999986,0.099,0.09816768827633972,-0.0006767788120902961,-0.008640639054058558,13.573048
0.5029504500000002,0.101,0.09867360753260805,0.0007570929888755375,-0.005890015494108668,13.606038
-1.4298255600000003,0.10200000000000001,0.09930997468380419,0.002546328944170107,-0.0027094485367693912,13.638072
1.0250680799999987,0.10200000000000001,0.09987582662911366,0.004021326622331596,-0.00019791989262435373,13.670072
-0.07903761000000031,0.099,0.0998174687309881,0.003413987184892402,-0.001164458764502217,13.703039
-1.5016740000000004,0.101,0.1001259891933168,0.004019300446154524,-0.00013106704310933588,13.735587
1.1184690899999996,0.101,0.10039328376667012,0.004461166294554749,0.0005862873968627481,13.767609
-0.08143124999999962,0.098,0.10006428085133132,0.002962260659347127,-0.001854426981133337,13.800596
-0.6442603800000004,0.099,0.09994257529992139,0.0022099341880246013,-0.0029688863268073438,13.832596
0.7927476599999999,0.098,0.0996373446235399,0.0009111480698306108,-0.0049048101919302,13.864612
0.12453950999999996,0.101,0.09991264645987032,0.0015536204433357365,-0.003619171458398436,13.897603
-0.7185024599999998,0.098,0.09959562195180285,0.0002646998617905859,-0.005505764281802161,13.929605
0.5843832599999992,0.096,0.09893100924860654,-0.002066373314828695,-0.008971259982399196,13.961614
-0.10537746000000148,0.097,0.0985140569761028,-0.0034665938606871912,-0.010761413986054317,13.993632
-0.4718201999999998,0.096,0.09795137504839474,-0.005245617180881611,-0.0130686335363438,14.026609
0.25387454999999903,0.10200000000000001,0.09856283595013432,-0.003136797873320303,-0.00900468278534593,14.059597
0.14369843999999965,0.097,0.09818651531319801,-0.004297278120337534,-0.010407566013549698,14.091632
-0.4790011199999995,0.099,0.09822166389335234,-0.004058084680436689,-0.00948729582590382,14.123632
1.6717236599999996,0.099,0.09825688375297553,-0.0038153363641410974,-0.00860866804254508,14.156632
-6.21507489,0.101,0.09866447415947277,-0.002373726601472897,-0.005847245586157957,14.189622
-4.478685270000001,0.10200000000000001,0.09922101932282677,-0.0005177217023833291,-0.0025615017443858298,14.222609
4.476294749999999,0.099,0.09916533245900422,-0.0007212427867591273,-0.0027569835314598945,14.254609
-0.7280868300000005,0.10200000000000001,0.09967298390994415,0.0009013644805932331,-5.6226276542769085e-06,14.286666
-1.6789112700000013,0.101,0.09994343933154952,0.0016779718242731865,0.0012436079763350665,14.318712
2.3399318099999995,0.099,0.09981206733511788,0.0011207324046398168,0.0002834554760370012,14.351687
-1.0202776799999995,0.097,0.09931799585570777,-0.0005743960512022874,-0.0024572403016293754,14.383688
-0.5005635000000002,0.097,0.09887058995600913,-0.0020282923181055954,-0.0046689431317079675,14.416688
1.3795328099999988,0.1,0.09902602339051621,-0.001461627332754917,-0.003517356266448889,14.448708
-0.8071260000000002,0.10200000000000001,0.09954000327903498,0.0002344158532925104,-0.0006087649462269821,14.480863
-0.17004498000000012,0.1,0.09963146874568599,0.0004858809010703422,-0.00017302989081286466,14.512878
1.29091908,0.1,0.09971264156379123,0.0006916109178647608,0.00016673001464812155,14.545874
-0.5556466500000017,0.1,0.09978420626123716,0.0008555986243272168,0.0004218749870680908,14.577884
0.05747834999999846,0.1,0.09984682868361583,0.000981710735935808,0.000602977976980707,14.610874
0.6155202000000006,0.1,0.09990115586158428,0.0010736766032801383,0.000719846914488074,14.643645
-0.5532530100000006,0.099,0.09976169696502005,0.0005367093099908173,-0.00018074988802618385,14.676631
-0.3832064699999993,0.101,0.10000607110231641,0.0012616654743983487,0.0009944276803350322,14.708632
0.60593583,0.10300000000000001,0.10059657056801763,0.0030604972689906714,0.003836136339965892,14.740634
-0.39997176000000145,0.1,0.10056684441695476,0.0027665075433181098,0.0031659245721940717,14.77264
-0.24669051000000053,0.101,0.10072083349809767,0.0030730613628650438,0.0034959986968503545,14.805522
0.3784124999999996,0.1,0.10066816518207224,0.002693695835522563,0.002705989737697182,14.837522
0.07424364000000061,0.10200000000000001,0.100987327249278,0.0035248082172618183,0.003903329208873299,14.870497
-0.06466596000000102,0.1,0.10089699460013105,0.0029902410412145928,0.002842762466652771,14.902689
0.3568599299999988,0.10200000000000001,0.10118134752243897,0.003683085735832622,0.00381070094812282,14.934757
-0.14849240999999935,0.10200000000000001,0.10143122499731895,0.004223193628411022,0.00448319535506997,14.967743
-0.25387143000000023,0.101,0.10146282387525314,0.004026386073930974,0.0039359728751047676,15.000744
0.34248827999999953,0.098,0.1009248319312176,0.0020019900726703133,0.0004777809613732329,15.033443
-0.12454620000000105,0.099,0.1006189241391522,0.0008270401151919825,-0.0014363633377251026,15.066444
-0.19639464000000117,0.099,0.10033855321956883,-0.00020303273433657486,-0.003019009461971021,15.099435
0.15807009000000072,0.10300000000000001,0.10082735223595307,0.001297697545362905,-0.0004501668393160365,15.131443
0.1868133899999993,0.098,0.10033473916175313,-0.0004332165644128777,-0.003210659161514479,15.164445
-0.021551009999999593,0.101,0.10044593592656786,-0.00012860772433119472,-0.0025555583066648353,15.197448
0.6179138399999999,0.099,0.10017240587666403,-0.0010723426786862513,-0.003941759161153937,15.230445
0.07903091999999923,0.097,0.099552391103302,-0.003075006246239135,-0.0069595935125605045,15.263446
0.016766849999999778,0.10200000000000001,0.09992495056961347,-0.0017721293080268736,-0.004506146842970602,15.295467
-0.15567333000000083,0.098,0.09951864992598349,-0.0030328429869744262,-0.006301731347424085,15.328448
0.011969759999999496,0.101,0.09971274284782884,-0.002288102223734318,-0.004779735424506823,15.360466
-0.06945323999999964,0.099,0.09951850456069407,-0.002822260206746431,-0.0053927922842487335,15.393456
0.11975222999999957,0.097,0.09897401315471373,-0.004446131251046579,-0.007726778130194019,15.426444
-0.0742503300000017,0.099,0.09885983404126975,-0.004590337625704014,-0.0075610520999603355,15.458466
-0.04550702999999956,0.1,0.0989493377608537,-0.004059840571935509,-0.006318795537899937,15.491466
-0.17004498000000012,0.101,0.09922263585052767,-0.002955317405831911,-0.0042173187782070035,15.523816
-0.06466596000000102,0.099,0.0991024728920679,-0.0031656100517725508,-0.0043384781935373595,15.556654
-0.11017454999999998,0.1,0.09918526576027954,-0.0027054457610717585,-0.0033751724631911283,15.588749
0.5867769000000003,0.101,0.0994511540115836,-0.0016747340443800374,-0.0015438854700518703,15.620749
-0.03831629999999997,0.10200000000000001,0.09988128132737793,-0.00016644866219777928,0.0009611937801201247,15.65309
0.02394776999999948,0.099,0.09971332394894859,-0.0006601288374491488,0.00011779109232940032,15.685121
0.04071305999999986,0.10200000000000001,0.10012177356639378,0.0007245194210160104,0.002338522955766755,15.718066
-0.11496183000000038,0.099,0.09993283459360973,0.00011352875058078286,0.0012355805904161168,15.751067
0.002395200000000486,0.099,0.0997626883183903,-0.0004076639117024846,0.000333811655523209,15.784053
1.5599999994009295e-06,0.1,0.09979637826851125,-0.00024727849699847045,0.0005745649848952943,15.816061
-0.25147778999999915,0.099,0.09964195667322892,-0.0007008613115655393,-0.0001844561925718408,15.848067
0.03831941999999877,0.1,0.09969026497569979,-0.00047904558702128465,0.00018176080095932664,15.880068
0.02394776999999948,0.099,0.09954939316983177,-0.000877145109230139,-0.00046781738406160287,15.912089
-0.5340940800000009,0.101,0.0997963386683185,-7.179052134132576e-06,0.0009553385380496295,15.945066
-0.0910156200000003,0.1,0.09983445496449755,0.0001451010966579062,0.0011510716661732219,15.978059
0.13173023999999955,0.101,0.10005564333689101,0.0008762298626324899,0.0022676372168927436,16.01028
0.08382800999999951,0.10200000000000001,0.10044129002611277,0.0020947635272821055,0.004110586950180697,16.042288
0.019160489999999086,0.097,0.0998570711259579,0.00012577316828270117,0.0007325124156106542,16.075285
-0.021551009999999593,0.1,0.09988725376040863,0.0002321050132937964,0.0008658185826751711,16.107297
0.06466907999999982,0.1,0.09991464372146254,0.00032256545610664846,0.0009667400712140309,16.140288
-0.009582810000001274,0.099,0.09975321527346588,-0.00020026548551544163,7.61716456585662e-05,16.173288
0.1101678599999989,0.101,0.09998008115152436,0.0005520200748493125,0.0012820785823325468,16.205288
-0.10059018000000108,0.098,0.09962646229254345,-0.0006027344367019997,-0.00064097849593229,16.237289
0.019160489999999086,0.10300000000000001,0.10023837574227955,0.00140711050621284,0.0026242438831320944,16.270287
-0.12214275000000008,0.10200000000000001,0.100603987486578,0.0025174398161898924,0.004274827335075694,16.303285
-0.1915975500000009,0.098,0.10018668291311436,0.0010465770155025059,0.0016893901729208701,16.335286
-0.19878828000000048,0.099,0.09999378033534378,0.0003700065637871967,0.0005143882580995215,16.367286
0.2562681900000001,0.099,0.09981867015506878,-0.00021542230420709923,-0.00045357112447381705,16.399298
-0.13412076000000006,0.098,0.09947438221000461,-0.001313907773468036,-0.002196815439460835,16.4313
-0.08621853000000002,0.099,0.09935095572296981,-0.0016422297986619526,-0.002611769963957825,16.46429
0.02155413000000017,0.101,0.09961401470976551,-0.0007068249829533196,-0.0009730422572193091,16.496302
-0.04550702999999956,0.1,0.09966703960419103,-0.0004931686343988587,-0.0005793646116459683,16.528312
0.11256149999999998,0.098,0.09934368683184493,-0.001499591775214216,-0.0021680804919937567,16.56032
0.10777421999999959,0.098,0.09905364252321515,-0.002343612187672907,-0.0034138608101228277,16.59331
0.026341410000000565,0.1,0.0991673172079563,-0.001840664299388828,-0.002429333505352115,16.625311
1.5599999994009295e-06,0.1,0.09927334405033245,-0.0013841628596551418,-0.001570167649569373,16.657311
-0.5173287900000005,0.097,0.09881352860276439,-0.0027677210860878373,-0.003714403659325286,16.690285
0.16525101000000042,0.10200000000000001,0.09933295945245638,-0.0009257640380589773,-0.0005610128758521387,16.722525
-0.15088605000000044,0.1,0.09943276357471502,-0.0005266821555766411,0.00010966238523129267,16.755502
0.23950289999999974,0.10400000000000001,0.10026914013843738,0.0022197688564130394,0.004520866074172975,16.787514
0.02155413000000017,0.1,0.10027874412759148,0.00215950286868801,0.004191291346220755,16.820504
-0.13412076000000006,0.099,0.10009873506812421,0.001485830151111218,0.0028921955973793393,16.8535
0.24429018000000013,0.098,0.09974802378898524,0.00029322692725203855,0.000825409582238079,16.885525
0.41433671999999966,0.1,0.09980290207736296,0.00046454714748263737,0.0010584494485639988,16.918502
-0.2586587100000006,0.10200000000000001,0.10022436280335713,0.0018038724911166148,0.00315788433561239,16.950527
-0.08621853000000002,0.10200000000000001,0.10060313833853468,0.0029319025923202104,0.004809471782645642,16.983512
-0.17243861999999943,0.10300000000000001,0.10112760220685182,0.004462399395092756,0.007023312119399037,17.01575
-0.06945323999999964,0.098,0.10066464340379173,0.0027280898066400863,0.0038727556126753908,17.048423
0.12214586999999888,0.10200000000000001,0.10098584290299224,0.0035976299931968652,0.0050718501092489755,17.080439
-0.05987868000000063,0.099,0.10071205138332616,0.002501222757925421,0.00304759627554349,17.112914
-0.12214275000000008,0.1,0.10064593764931676,0.002123850116479087,0.0022838681680238003,17.145281
0.4885787999999991,0.1,0.10058198229353399,0.0017690583870772698,0.0015957580445144714,17.177311
0.18441975,0.10200000000000001,0.10089264051656886,0.002634257386834637,0.002905050920567468,17.210308
-0.19639464000000117,0.101,0.10098243980916548,0.0027401293328198984,0.002925813313544443,17.242882
-0.10059018000000108,0.1,0.10087217312953915,0.002192530484084645,0.0018945943803284665,17.27511
0.007182479999999103,0.099,0.10058161899223061,0.0010903454364714269,2.4558036989187583e-05,17.308108
0.019160489999999086,0.099,0.10031565761008841,0.00012385500676332403,-0.0015310173312519013,17.34011
0.002395200000000486,0.1,0.10025949556035987,-0.00011591963290590821,-0.0018378334046500594,17.372112
-0.0167637299999992,0.098,0.09983517642105876,-0.0015239587186870582,-0.004007664837300688,17.404144
-0.03831629999999997,0.099,0.0996383741984989,-0.00212153903904015,-0.004762450255095512,17.437143
0.193994309999999,0.101,0.09983455981496571,-0.001417101560624278,-0.003384485326305366,17.469143
0.23231216999999837,0.10200000000000001,0.10019927100117323,-0.0002015025450484505,-0.0012553830021344616,17.502108
0.13173023999999955,0.1,0.1001564118507711,-0.0003566693658725193,-0.0014403174565812832,17.53412
0.011969759999999496,0.101,0.10030352997921123,0.00010928778210657087,-0.0006168421080180736,17.566653
-0.06945323999999964,0.10200000000000001,0.10062186396208302,0.0011027594901931795,0.0010126049899430536,17.598887
-0.13172712000000075,0.10200000000000001,0.10090750323481516,0.0019383704673899046,0.0023043248453014863,17.63089
-0.09580290000000069,0.1,0.10079004349981445,0.001431265991829674,0.0013702123537789022,17.663461
0.05269106999999984,0.10300000000000001,0.10123920478276176,0.0027696558708884176,0.0034520987408218646,17.695484
-0.0910156200000003,0.101,0.1012682563059627,0.0026829000133163443,0.0031349243492999977,17.727485
0.14849552999999993,0.098,0.10073115318887985,0.0007752637789673724,-9.427038566535385e-05,17.760475
-0.0047857200000009925,0.101,0.10080134243898094,0.0009183008920678269,0.00014061352810257053,17.792475
-0.13412076000000006,0.1,0.10067617267467337,0.0004256759014780497,-0.0006588631361405635,17.824485
-0.10778091000000067,0.097,0.10000278021110587,-0.0018030627126084289,-0.004209217648454887,17.857227
-0.07903761000000031,0.1,0.09995354941885717,-0.0019036070402120007,-0.004154296535764017,17.889227
0.03831941999999877,0.1,0.0999108856843959,-0.001971027358592966,-0.004048931710410943,17.922227
0.20357867999999968,0.1,0.09987445046447002,-0.00200828869561305,-0.003900487492502733,17.955218
0.050297429999998755,0.098,0.09947165063187484,-0.0032150672224192886,-0.005640502110323471,17.988194
-0.24908415000000161,0.099,0.09929778335034857,-0.00361449469825426,-0.005992587973182127,18.020227
0.06466907999999982,0.10200000000000001,0.09970408247962563,-0.0021182905552083646,-0.0032779966427161763,18.053227
-0.0838248900000007,0.10400000000000001,0.10044709770010456,0.0003889203176780259,0.0009227978961556084,18.086134
-0.03352902000000135,0.10200000000000001,0.10074663543811158,0.0013399280603762962,0.0024047207193504012,18.118148
0.028735049999999873,0.099,0.10045745342922756,0.0003453540316612255,0.0006814922460148894,18.15116
